,namespace,Semana,Porcentagem de engajamento em AAs
281,colegiobetelbrasileirosp,24,1.0
1201,stellamarisxaxim,27,1.0
380,colegiofuturageracao,23,1.0
619,eccos,35,1.0
721,integradaeducativa,35,1.0
1068,progressaoig,30,1.0
304,colegiobrasilia,30,1.0
298,colegiobilac,35,1.0
325,colegiodasamericas,25,1.0
35,acessocampolargokids,23,1.0
881,overmossoro,30,1.0
645,elitecuritibaemilianoperneta,29,1.0
276,colegiobatistaindependente,32,1.0
855,overlimaesilva,23,1.0
282,colegiobetelbrasileirosp,25,1.0
37,acessocampolargokids,25,1.0
458,colegioplanck,29,1.0
381,colegiofuturageracao,24,1.0
334,colegioeag,27,1.0
860,overlimaesilva,32,1.0
915,pearson,31,1.0
382,colegiofuturageracao,25,1.0
1132,santoamerico,28,1.0
1145,sasadapt,25,1.0
1067,progressaoig,28,1.0
1209,testevictorhugo,32,1.0
859,overlimaesilva,31,1.0
392,colegioglobal,26,1.0
209,cem,25,1.0
206,ceespacolivre,35,1.0
708,integra,25,1.0
205,ceespacolivre,34,1.0
491,colegiouirapuru,26,1.0
36,acessocampolargokids,24,1.0
1176,spdacruz,33,0.9976472565330644
291,colegiobilac,24,0.9976171564733916
290,colegiobilac,23,0.9973226238286479
1172,spdacruz,25,0.9962426941274701
197,ceespacolivre,23,0.9960899315738025
293,colegiobilac,30,0.995788365359305
295,colegiobilac,32,0.9952718676122931
584,cursosazambuja,27,0.9940828402366864
294,colegiobilac,31,0.9936481634907484
1171,spdacruz,24,0.993223897690399
297,colegiobilac,34,0.99291975724882
1173,spdacruz,26,0.992902767920511
550,crescercampinas,30,0.9923076923076923
717,integradaeducativa,31,0.9922337278106509
968,pioxi,34,0.9920318725099602
19,acessoboqueirao,31,0.991411501120239
64,acessohauer,34,0.9911894273127754
296,colegiobilac,33,0.9903846153846154
311,colegiocb,24,0.989976287993102
1057,progressaodc,31,0.9898477157360406
857,overlimaesilva,25,0.9896907216494846
374,colegioflamingo,25,0.9896613190730837
759,magister,30,0.9895245769540693
1204,stellamarisxaxim,32,0.9891402714932127
709,integra,34,0.9876385336743393
386,colegiofuturageracao,33,0.9873737373737373
283,colegiobetelbrasileirosp,31,0.9867549668874173
856,overlimaesilva,24,0.9865030674846625
710,integradaeducativa,23,0.9864705882352941
156,brasilcursinhos,27,0.986013986013986
391,colegioglobal,25,0.9855353677897336
365,colegioensitec,29,0.9855047748976807
305,colegiobrasilia,31,0.9848183404242294
373,colegioflamingo,24,0.9844451091833682
711,integradaeducativa,24,0.9842563958391903
712,integradaeducativa,25,0.9839018009860147
387,colegiofuturageracao,34,0.9836065573770492
510,colegioup,31,0.9833333333333333
1120,santamariacn,29,0.9832402234636871
715,integradaeducativa,29,0.9831932773109243
292,colegiobilac,29,0.9829821717990276
1069,progressaoig,31,0.9827745878866456
511,colegioup,33,0.9825147852918488
1066,progressaoig,27,0.9819985304922851
624,educandarioterciocorreia,25,0.9817142857142858
306,colegiobrasilia,32,0.981609794217244
358,colegioeducallis,33,0.981228490979247
127,amadeus,32,0.9810288721179811
716,integradaeducativa,30,0.980147620259608
378,colegioflamingo,34,0.9797891036906854
230,ciadosaber,23,0.9792122538293216
622,educandarioterciocorreia,23,0.9785714285714285
456,colegioplanck,25,0.9781434983412477
30,acessocampolargo,31,0.9779411764705882
71,acessopinhais,31,0.9770114942528736
1071,progressaoig,33,0.976911976911977
404,colegioiguatemy,24,0.9767441860465116
1086,psantagema,23,0.9764705882352941
355,colegioeducallis,25,0.9760056457304164
973,pioxiicolegio,32,0.9758125472411187
414,colegiointegral,23,0.9748082884646762
1175,spdacruz,32,0.9739040363539161
1118,santamariacn,27,0.9736078886310905
1088,psantagema,25,0.9733806566104702
357,colegioeducallis,32,0.9730348960169193
623,educandarioterciocorreia,24,0.9719541616405307
498,colegiouniverso,23,0.9718154186239293
965,pioxi,24,0.9714552881539446
385,colegiofuturageracao,32,0.9713774597495528
310,colegiocb,23,0.9712337356952501
425,colegiointegral,35,0.9711935947086724
861,overlimaesilva,33,0.9710982658959537
256,colegioalphaunis,33,0.9706498951781971
416,colegiointegral,26,0.9705882352941176
320,colegiocb,35,0.9703017915113623
317,colegiocb,32,0.9702452754322477
1123,santamariacn,32,0.9692307692307692
625,educandarioterciocorreia,26,0.9691428571428572
1005,portinari,32,0.9690154211150652
707,integra,24,0.9685106382978723
504,colegioup,23,0.9682539682539683
1121,santamariacn,30,0.968054211035818
464,colegioplanck,35,0.9668874172185431
62,acessohauer,32,0.9667994687915007
379,colegioflamingo,35,0.9662921348314607
59,acessohauer,27,0.9662095984329089
41,acessocampolargokids,32,0.9660377358490566
319,colegiocb,34,0.9660116302386205
403,colegioiguatemy,23,0.9655172413793104
706,integra,23,0.9655172413793104
61,acessohauer,31,0.9654676258992806
324,colegiodasamericas,24,0.9654228004108182
360,colegioeducallis,35,0.9651980747871158
714,integradaeducativa,27,0.965034965034965
270,colegiobatistaindependente,23,0.9649122807017544
363,colegioensitec,25,0.9639727361246349
419,colegiointegral,29,0.9639304818578273
356,colegioeducallis,31,0.9635416666666666
1064,progressaoig,25,0.9631336405529954
862,overlimaesilva,34,0.9624277456647399
451,colegionovageracao,35,0.9620253164556962
301,colegiobrasilia,25,0.9604471195184867
1170,spdacruz,23,0.960119900951388
718,integradaeducativa,32,0.9595959595959596
488,colegiouirapuru,23,0.9595547102260014
280,colegiobetelbrasileirosp,23,0.9594229035166817
300,colegiobrasilia,24,0.9593689489889852
353,colegioeducallis,23,0.9593282602991341
63,acessohauer,33,0.9587813620071685
208,cem,24,0.9585062240663901
359,colegioeducallis,34,0.9577617123014743
366,colegioensitec,30,0.9567384370015949
908,overzonanorte,30,0.9565217391304348
82,acessosantafelicidade,31,0.9565063649222065
113,aescobjetivo,28,0.9563265306122449
231,ciadosaber,24,0.956140350877193
257,colegioalphaunis,34,0.9560675883256529
1193,stellamarisjuveve,32,0.9560626060720347
1070,progressaoig,32,0.9559439549328326
394,colegioglobal,32,0.9554074074074074
972,pioxiicolegio,31,0.9550660792951542
210,cem,31,0.9549653579676675
198,ceespacolivre,24,0.9544226873733963
489,colegiouirapuru,24,0.954381679389313
188,cbpdigital,33,0.9541984732824428
1065,progressaoig,26,0.9539242483404919
272,colegiobatistaindependente,25,0.9527688875957715
38,acessocampolargokids,26,0.952755905511811
420,colegiointegral,30,0.9523881233842834
354,colegioeducallis,24,0.9515311943772534
1056,progressaodc,30,0.9501661129568106
964,pioxi,23,0.9498360655737705
201,ceespacolivre,27,0.9496221662468514
971,pioxiicolegio,30,0.9486203615604186
190,cbpdigital,35,0.948157401623985
368,colegioensitec,32,0.9475108225108225
39,acessocampolargokids,27,0.9474605954465849
128,amadeus,33,0.9463055912221314
255,colegioalphaunis,27,0.9461936437546193
278,colegiobatistaindependente,34,0.9459997346424307
395,colegioglobal,33,0.945962448481148
725,invictus,26,0.9444655762647395
287,colegiobetelbrasileirosp,35,0.9444444444444444
299,colegiobrasilia,23,0.9443893764030203
998,portinari,24,0.9436560934891486
163,casdinhosjc,23,0.9435480205445207
1059,progressaodc,33,0.9434984520123839
350,colegioecursoprogressao,33,0.9423076923076923
189,cbpdigital,34,0.9418457648546145
1111,sagradafamilia,33,0.9411764705882353
1001,portinari,28,0.9400453839722919
909,overzonanorte,31,0.9387380777696258
390,colegioglobal,24,0.9380731213528641
940,physicsbatistacampos,33,0.9366714642830088
910,overzonanorte,32,0.9366197183098591
974,pioxiicolegio,33,0.9350031210986267
512,colegioup,35,0.9334689481871485
284,colegiobetelbrasileirosp,32,0.9333528208126279
440,colegiomagnum,23,0.9329608938547486
1089,psantagema,26,0.9318071115440818
840,overabelcabral,29,0.9311475409836065
487,colegiosete,35,0.931046195652174
723,invictus,24,0.9308375634517766
328,colegiodasamericas,30,0.9296651959512069
1129,santoamerico,25,0.9279953917050692
277,colegiobatistaindependente,33,0.9274525968672712
42,acessocampolargokids,33,0.9268707482993197
495,colegiouirapuru,33,0.9262567875284639
312,colegiocb,25,0.9255014326647565
719,integradaeducativa,33,0.9253731343283582
1000,portinari,27,0.924552896397101
1087,psantagema,24,0.924211744286954
841,overabelcabral,30,0.924187725631769
846,overabelcabral,35,0.9240083987689476
207,cem,23,0.9236830256641153
271,colegiobatistaindependente,24,0.9229946524064171
737,isem,27,0.9221704576596328
482,colegiosete,30,0.919093851132686
531,contemporaneolagoanova,32,0.9185372005044136
211,cem,32,0.9180977542932629
203,ceespacolivre,32,0.9180327868852459
212,cem,33,0.9179177545691906
720,integradaeducativa,34,0.9177972865123704
148,aprovest,27,0.9176470588235294
843,overabelcabral,32,0.9168591224018475
241,cnslpb,24,0.9164153382162861
842,overabelcabral,31,0.9157986111111112
279,colegiobatistaindependente,35,0.9157303370786517
58,acessohauer,26,0.9157088122605364
72,acessopinhais,32,0.9153354632587859
77,acessosantafelicidade,24,0.9145126045941481
728,invictus,32,0.9140989729225023
343,colegioecursoprogressao,25,0.9136733716475096
318,colegiocb,33,0.9136253041362531
913,overzonanorte,35,0.9131782945736434
1174,spdacruz,31,0.9130938586326767
1207,stellamarisxaxim,35,0.9130056546324489
1119,santamariacn,28,0.9122807017543859
332,colegiodasamericas,35,0.9122137404580153
1058,progressaodc,32,0.9121856329025984
736,isem,26,0.9120932491500728
876,overmarciliofurtado,35,0.9107959551881845
344,colegioecursoprogressao,26,0.9101613093135523
738,isem,28,0.9100274725274725
870,overmarciliofurtado,29,0.9095528455284553
423,colegiointegral,33,0.9084635325439642
1002,portinari,29,0.9082142605757725
345,colegioecursoprogressao,27,0.9081504702194357
872,overmarciliofurtado,31,0.9076396807297605
628,educandarioterciocorreia,33,0.9076305220883534
415,colegiointegral,24,0.9074166770950652
529,contemporaneolagoanova,30,0.9072847682119205
614,eccos,26,0.9037328094302554
389,colegioglobal,23,0.9032850064231969
17,acessoboqueirao,29,0.9024390243902439
493,colegiouirapuru,31,0.9024122807017544
349,colegioecursoprogressao,32,0.9023050369325564
722,invictus,23,0.9007717750826902
546,crescercampinas,23,0.9004242018307658
347,colegioecursoprogressao,30,0.9001766784452296
630,educandarioterciocorreia,35,0.9
1116,santamariacn,25,0.8996752075063154
393,colegioglobal,30,0.8990228013029316
422,colegiointegral,32,0.8985223353063918
485,colegiosete,33,0.8977272727272727
336,colegioeag,33,0.896551724137931
484,colegiosete,32,0.8962300816167897
481,colegiosete,29,0.8958333333333334
735,isem,25,0.8953261062733251
499,colegiouniverso,24,0.895164213731603
726,invictus,27,0.8939597315436242
873,overmarciliofurtado,32,0.893569844789357
401,colegioguilhermedealmeida,34,0.8934280639431617
863,overlimaesilva,35,0.8925233644859814
286,colegiobetelbrasileirosp,34,0.8923469387755102
483,colegiosete,31,0.891256569517439
530,contemporaneolagoanova,31,0.8906347424865944
626,educandarioterciocorreia,31,0.8904109589041096
115,aescobjetivo,30,0.8900394477317555
851,overjoaopessoa,32,0.8888888888888888
608,eacorcovado,31,0.8888888888888888
40,acessocampolargokids,31,0.8884955752212389
927,physicsalmirantebarroso,33,0.8879350250389261
1054,progressaodc,27,0.8877906976744186
776,mariliamattoso,27,0.887546468401487
635,einsteinassis,24,0.8855881172219991
506,colegioup,25,0.8854084949008181
536,crb,23,0.884805728124671
486,colegiosete,34,0.8844087896756191
1240,villalobos,30,0.88
742,itamarati,25,0.88
773,mariliamattoso,24,0.8799446658542209
361,colegioensitec,23,0.8788841807909604
83,acessosantafelicidade,32,0.8774603174603175
505,colegioup,24,0.8771563717306622
629,educandarioterciocorreia,34,0.8765670202507232
935,physicsbatistacampos,23,0.8762711864406779
478,colegiosete,23,0.8757257744599517
962,physicsumarizal,33,0.8745643187160574
1072,progressaoig,34,0.8743872549019608
372,colegioflamingo,23,0.8740926157697121
1003,portinari,30,0.8717089224768406
1021,portoseguro,35,0.8709761994931103
883,overmossoro,32,0.8700564971751412
490,colegiouirapuru,25,0.8697478991596639
882,overmossoro,31,0.8695652173913043
770,maplebearslz,34,0.8690355329949239
769,maplebearslz,33,0.8686868686868687
285,colegiobetelbrasileirosp,33,0.8686167575607338
627,educandarioterciocorreia,32,0.8666666666666667
12,acessoboqueirao,24,0.8664826798629616
1009,porto,23,0.8662760893445625
342,colegioecursoprogressao,24,0.8652001162903382
1004,portinari,31,0.8649241244013617
179,cats,29,0.8636363636363636
7,acessoalmirantetamandare,32,0.8621316842488177
999,portinari,26,0.8619084561675717
66,acessopinhais,24,0.8607078039927405
1016,porto,32,0.8603870142331681
871,overmarciliofurtado,30,0.8601398601398601
330,colegiodasamericas,33,0.8580645161290322
50,acessofazendariogrande,31,0.8579823702252694
1060,progressaodc,34,0.8571428571428571
183,cbpdigital,24,0.8569142215358697
6,acessoalmirantetamandare,31,0.8551933282789992
399,colegioguilhermedealmeida,32,0.855072463768116
369,colegioensitec,33,0.8549060542797495
367,colegioensitec,31,0.8546637744034707
424,colegiointegral,34,0.8531935800851621
729,invictus,33,0.8529326784166426
309,colegiobrasilia,35,0.8527489104927924
351,colegioecursoprogressao,34,0.8500182016745541
976,pioxiicolegio,35,0.85
648,elitecuritibaemilianoperneta,32,0.8492569002123143
903,overzonanorte,23,0.8461829462056443
93,acessosjpinhais,29,0.8461538461538461
81,acessosantafelicidade,30,0.8461538461538461
618,eccos,34,0.8458002507312996
314,colegiocb,27,0.8448275862068966
1108,saberviver,32,0.8446601941747572
1051,progressaodc,24,0.8412090251170711
692,idaam,33,0.8405172413793104
348,colegioecursoprogressao,31,0.8399486007995431
634,einsteinassis,23,0.8393393393393394
963,physicsumarizal,34,0.8388888888888889
396,colegioglobal,34,0.8383862497015995
455,colegioplanck,24,0.8372248165443629
952,physicsconselheirofurtado,33,0.8372093023255814
1053,progressaodc,26,0.8368869936034116
760,magister,32,0.8360716952949963
771,maplebearslz,35,0.8347107438016529
164,casdinhosjc,24,0.8343163538873994
122,amadeus,23,0.8342075256556443
1093,psantagema,35,0.8333333333333334
693,idaam,34,0.8318965517241379
1052,progressaodc,25,0.8304093567251462
94,acessosjpinhais,30,0.8297872340425532
421,colegiointegral,31,0.8294077603812117
20,acessoboqueirao,32,0.8283532901241349
691,idaam,23,0.8275862068965517
447,colegiomundial,28,0.8260869565217391
302,colegiobrasilia,26,0.825
1015,porto,31,0.8235294117647058
1127,santoamerico,23,0.8227794305142372
503,colegiouniverso,33,0.8222782681799076
307,colegiobrasilia,33,0.8221725018119939
315,colegiocb,30,0.8220338983050848
1128,santoamerico,24,0.821110068059141
1063,progressaoig,24,0.8188235294117647
70,acessopinhais,30,0.8181818181818182
820,objetivolorena,24,0.8150221143684684
790,master,28,0.8144235186035829
768,maplebearslz,32,0.8142759328996919
767,maplebearslz,31,0.8117839607201309
1224,universobarcarena,23,0.8116918718874218
763,maplebearslz,24,0.8085808580858086
668,escolamaster,24,0.8082191780821918
51,acessofazendariogrande,32,0.8079407806191117
886,overmossoro,35,0.8078994614003591
1178,spdacruz,35,0.80625
362,colegioensitec,24,0.806070826306914
273,colegiobatistaindependente,26,0.8060135790494666
308,colegiobrasilia,34,0.8058540723981901
346,colegioecursoprogressao,28,0.8052490805750585
612,eccos,24,0.804932735426009
31,acessocampolargo,32,0.8047546788062722
733,isem,23,0.8043758043758044
45,acessofazendariogrande,24,0.8009950248756219
1062,progressaoig,23,0.7984150569588906
1050,progressaodc,23,0.7980743514308639
267,colegioarena,33,0.7964726631393299
417,colegiointegral,27,0.7962555066079295
180,cats,30,0.7954545454545454
555,crescercampinas,35,0.7951640759930916
1028,prismapatrocinio,25,0.7951315604333755
466,colegiopremium,24,0.7949098097356067
928,physicsalmirantebarroso,34,0.7942708333333334
869,overmarciliofurtado,28,0.7929447852760736
548,crescercampinas,25,0.7922184460330481
854,overjoaopessoa,35,0.7915057915057915
897,overpontanegra,29,0.7888888888888889
953,physicsconselheirofurtado,34,0.7885835095137421
114,aescobjetivo,29,0.7876146788990825
975,pioxiicolegio,34,0.7863397548161121
792,master,31,0.7832165899890855
1241,villalobos,31,0.7828322784810127
338,colegioecursodesafio,23,0.7782486584081448
150,beityaacov,23,0.7777777777777778
110,aescobjetivo,24,0.7758251577712828
774,mariliamattoso,25,0.7740040513166779
554,crescercampinas,34,0.7731338149294805
143,apogeustoantonio2,28,0.7727272727272727
607,eacorcovado,25,0.7716049382716049
839,overabelcabral,28,0.7707317073170732
669,escolamaster,25,0.7684279191128506
945,physicscidadenova,33,0.7667963166118148
199,ceespacolivre,25,0.7660357518401683
552,crescercampinas,32,0.7657165169855525
1238,villalobos,26,0.7652232746955345
502,colegiouniverso,32,0.7640449438202247
329,colegiodasamericas,31,0.7631578947368421
448,colegiomundial,29,0.7625
370,colegioensitec,34,0.7613636363636364
791,master,29,0.7605893186003683
1235,villalobos,23,0.7585877862595419
116,aescobjetivo,31,0.7559194367119698
1187,stellamarisjuveve,24,0.7532053657452012
730,invictus,34,0.7530064754856615
762,maplebearslz,23,0.7524972253052165
1220,universitariolondrina,32,0.7521484169953657
213,cem,34,0.7505285412262156
705,institutosaojose,34,0.75
465,colegiopremium,23,0.7489669421487604
468,colegiopremium,26,0.7457827759692217
1008,portinari,35,0.744270205066345
547,crescercampinas,24,0.7434360140583006
1035,prismapatrocinio,33,0.743280356580073
1018,porto,34,0.7421281421281422
1029,prismapatrocinio,26,0.7400390918658848
616,eccos,32,0.7363957597173145
525,contemporaneocidadeverde,32,0.7360823407560849
469,colegiopremium,31,0.7350993377483444
1196,stellamarisjuveve,35,0.7341369496065628
978,plannetataboao,28,0.7328706570916638
695,insa,34,0.7312035448827902
785,master,23,0.7304941073709147
1010,porto,24,0.7274969953823771
268,colegioarena,34,0.7256715103478644
775,mariliamattoso,26,0.7252021701300031
613,eccos,25,0.7215657311669128
1026,prismapatrocinio,23,0.7212972883870435
819,objetivolorena,23,0.721015741698265
25,acessocampolargo,24,0.7203328509406657
754,macvest,32,0.7192982456140351
95,acessosjpinhais,31,0.7138443715002897
1,acessoalmirantetamandare,24,0.7125867195242814
454,colegioplanck,23,0.7113007651559741
923,physicsalmirantebarroso,23,0.7102307949072528
1034,prismapatrocinio,32,0.7083290168859422
918,physicsalcindocacela,24,0.7078039927404719
1245,villalobos,35,0.7077710563052583
388,colegiofuturageracao,35,0.7072072072072072
1234,universobarcarena,35,0.7071837584591358
1190,stellamarisjuveve,27,0.7068965517241379
538,crb,25,0.7029940119760479
341,colegioecursoprogressao,23,0.7028557657549103
899,overpontanegra,32,0.7020564323290291
752,macvest,26,0.7017543859649122
643,elitecuritibaemilianoperneta,26,0.7010869565217391
1030,prismapatrocinio,27,0.7007910656119125
902,overpontanegra,35,0.7005707715681846
513,conexaosaber,23,0.6975213013168087
204,ceespacolivre,33,0.6970684039087948
724,invictus,25,0.6954887218045113
956,physicsmacapa,33,0.691515074418013
5,acessoalmirantetamandare,30,0.6907216494845361
641,elitecuritibaemilianoperneta,24,0.6893280632411067
966,pioxi,25,0.6882051282051282
1177,spdacruz,34,0.6862745098039216
418,colegiointegral,28,0.6855553585675028
936,physicsbatistacampos,24,0.6843501326259946
147,apogeustoantonio2,34,0.6818181818181818
933,physicsaugustomontenegro,33,0.6812427737096439
898,overpontanegra,31,0.6784495700832537
400,colegioguilhermedealmeida,33,0.6781314168377823
551,crescercampinas,31,0.6776372769790404
603,domus,33,0.6764705882352942
18,acessoboqueirao,30,0.6737477368738685
219,ceprimeiromundo,27,0.673442122339918
78,acessosantafelicidade,25,0.6732618750458851
1211,universitariolondrina,23,0.6714604479033444
524,contemporaneocidadeverde,31,0.6710820895522388
1011,porto,25,0.6708687207220931
269,colegioarena,35,0.6690433749257279
784,mariliamattoso,35,0.6685180167976158
1027,prismapatrocinio,24,0.6681694876399343
220,ceprimeiromundo,28,0.6675929474894595
145,apogeustoantonio2,31,0.6666666666666666
49,acessofazendariogrande,30,0.6666666666666666
761,magister,33,0.6666666666666666
326,colegiodasamericas,26,0.6638655462184874
27,acessocampolargo,26,0.6631626642501133
703,institutoeurofarma,32,0.6616915422885572
200,ceespacolivre,26,0.6611111111111111
649,elitecuritibaemilianoperneta,33,0.6608695652173913
636,einsteinassis,25,0.658433734939759
713,integradaeducativa,26,0.6561987344738692
263,colegioarena,24,0.6555959963603276
946,physicscidadenova,34,0.6510721247563352
375,colegioflamingo,26,0.6492103075644223
1197,stellamarisxaxim,23,0.6487368830159347
1243,villalobos,33,0.6476654253795474
166,casdinhosjc,27,0.6470588235294118
262,colegioarena,23,0.6444159178433889
781,mariliamattoso,32,0.6431468961278427
57,acessohauer,25,0.6428571428571429
667,escolamaster,23,0.6423841059602649
331,colegiodasamericas,34,0.640625
561,cursoenfase,24,0.64
129,amadeus,34,0.6394569632998854
787,master,25,0.6350651432873484
102,adrianochan,25,0.6346604215456675
1092,psantagema,34,0.6258503401360545
605,eacorcovado,23,0.6253590480098482
1017,porto,33,0.6250457133901051
1205,stellamarisxaxim,33,0.6244289754187513
740,isem,31,0.6223506743737958
798,minhalista,25,0.6166666666666667
15,acessoboqueirao,27,0.6165948908681609
606,eacorcovado,24,0.6160714285714286
539,crb,26,0.6072231776690038
1236,villalobos,24,0.6068066618392469
215,ceprimeiromundo,23,0.6054580501166683
642,elitecuritibaemilianoperneta,25,0.6032608695652174
1225,universobarcarena,24,0.6022903583302549
1242,villalobos,32,0.6008215752813002
930,physicsaugustomontenegro,24,0.5985533453887885
772,mariliamattoso,23,0.5978013314646111
88,acessosjpinhais,24,0.5974973931178311
786,master,24,0.5968427334044593
1036,prismapatrocinio,34,0.5938871522844242
1212,universitariolondrina,24,0.5912803514503672
942,physicscidadenova,24,0.5904365904365905
1112,sagradafamilia,34,0.5899257345818534
252,colegioalphaunis,24,0.5895841430237078
462,colegioplanck,33,0.5885545610359931
734,isem,24,0.5876543209876544
1226,universobarcarena,25,0.5875132150828145
507,colegioup,26,0.5858050317611164
254,colegioalphaunis,26,0.5834284627092846
1107,rede,35,0.5833333333333334
248,cnslpb,33,0.5833333333333334
766,maplebearslz,30,0.5830618892508144
337,colegioeag,34,0.5824175824175825
109,aescobjetivo,23,0.5819021724051827
103,adrianochan,26,0.5813084112149532
644,elitecuritibaemilianoperneta,27,0.5797101449275363
1117,santamariacn,26,0.5792349726775956
335,colegioeag,30,0.5789473684210527
1221,universitariolondrina,33,0.5787563534500224
1237,villalobos,25,0.575353871773522
96,acessosjpinhais,32,0.575216053903618
429,colegiojoaopaulo,26,0.5743630573248407
650,elitecuritibaemilianoperneta,34,0.5683012259194395
1094,qescola,23,0.5660073260073261
26,acessocampolargo,25,0.5651492902594224
969,pioxi,35,0.5639097744360902
601,dommga,25,0.5628277335404933
1074,provaspoliedro,23,0.5610118164004513
1013,porto,27,0.5588235294117647
780,mariliamattoso,31,0.5582706766917294
810,novotempo,33,0.5576923076923077
494,colegiouirapuru,32,0.5566239316239316
659,escolaceciliameireles,28,0.5555555555555556
845,overabelcabral,34,0.554993716713542
168,casdinhosjc,33,0.5529411764705883
1055,progressaodc,28,0.5514705882352942
8,acessoalmirantetamandare,33,0.5510679611650485
1115,santadoroteia,34,0.5510670731707317
896,overpontanegra,28,0.5489690721649485
1122,santamariacn,31,0.5488771466314399
957,physicsmacapa,34,0.5476190476190477
1219,universitariolondrina,31,0.5446651599857262
1222,universitariolondrina,34,0.5446070294748038
997,portinari,23,0.5445170016272534
97,acessosjpinhais,33,0.5435751791552459
461,colegioplanck,32,0.5420131918554632
1012,porto,26,0.5419442556084296
4,acessoalmirantetamandare,27,0.5400755897302228
604,domus,34,0.5392156862745098
1033,prismapatrocinio,31,0.5385852090032154
84,acessosantafelicidade,33,0.537262451869333
764,maplebearslz,25,0.535552536231884
232,ciadosaber,25,0.534446764091858
836,overabelcabral,25,0.5311685914135095
246,cnslpb,31,0.5284816980723414
118,aescobjetivo,33,0.5269204865100432
585,cursosazambuja,28,0.5263157894736842
165,casdinhosjc,25,0.525231719876416
1180,stellamarisaguaverde,24,0.52375
937,physicsbatistacampos,25,0.5232856618995233
435,colegiojoaopaulo,32,0.5228634185303515
52,acessofazendariogrande,33,0.5227092580849715
1244,villalobos,34,0.5219512195121951
21,acessoboqueirao,33,0.5209974636949252
704,institutosaojose,33,0.5203985711599924
1102,qescola,31,0.5193465176268272
29,acessocampolargo,30,0.5193065405831363
743,itamarati,34,0.5176470588235295
459,colegioplanck,30,0.5174275895925381
157,brasilcursinhos,28,0.5168253968253969
253,colegioalphaunis,25,0.516522071957132
537,crb,24,0.5165203786693537
748,lasalleaguasclaras,34,0.516425176770604
835,overabelcabral,24,0.5144030653030846
313,colegiocb,26,0.5140562248995983
167,casdinhosjc,31,0.5137254901960784
32,acessocampolargo,33,0.5135168497716331
811,novotempo,34,0.5128205128205128
1019,porto,35,0.5121824104234528
532,contemporaneolagoanova,33,0.5100272585669782
3,acessoalmirantetamandare,26,0.5076342425802024
950,physicsconselheirofurtado,31,0.5074074074074074
696,institutoauxiliadoradf,34,0.5064233848445354
751,macvest,23,0.5061728395061729
1007,portinari,34,0.5055612736146619
947,physicsconselheirofurtado,23,0.5052257060262397
739,isem,30,0.5049975421923644
140,apogeustoantonio2,24,0.5049460431654677
951,physicsconselheirofurtado,32,0.5037037037037037
1006,portinari,33,0.5019840596913685
90,acessosjpinhais,26,0.5003847929813761
1152,seletivoeducallis,32,0.5
1022,positivoon,28,0.5
135,amaisteste,28,0.5
117,aescobjetivo,32,0.4999780480309084
1031,prismapatrocinio,28,0.49954716004657784
68,acessopinhais,26,0.4959770114942529
1080,provaspoliedro,30,0.49380033752033714
79,acessosantafelicidade,26,0.4933816710226794
954,physicsmacapa,23,0.4925759204514915
47,acessofazendariogrande,26,0.4911349731552004
1157,simuladoita,26,0.48948933374822806
430,colegiojoaopaulo,27,0.4893555394641564
80,acessosantafelicidade,27,0.4880109457841628
672,escolamaster,33,0.4880016234589823
834,overabelcabral,23,0.4875537558464388
73,acessopinhais,33,0.48173746909417847
1179,stellamarisaguaverde,23,0.4803532008830022
875,overmarciliofurtado,34,0.4799176107106076
1137,santoamerico,34,0.4791111111111111
428,colegiojoaopaulo,25,0.4783583483838824
2,acessoalmirantetamandare,25,0.47632752914088355
139,apogeustoantonio2,23,0.4755170029543026
89,acessosjpinhais,25,0.474185887634601
1215,universitariolondrina,27,0.47356602584305074
782,mariliamattoso,33,0.4727864529685633
943,physicscidadenova,25,0.4724019559419145
756,magister,24,0.472
593,deltaeducacional,23,0.47088556409219573
837,overabelcabral,26,0.47069460695670673
1186,stellamarisjuveve,23,0.4697805129664544
184,cbpdigital,25,0.4690909090909091
874,overmarciliofurtado,33,0.4689205037988884
514,conexaosaber,24,0.46773690773067333
1037,prismapatrocinio,35,0.4675324675324675
749,liessinbarra,25,0.4642857142857143
13,acessoboqueirao,25,0.46330418864561507
460,colegioplanck,31,0.4632390745501285
515,conexaosaber,25,0.46273723190865607
87,acessosjpinhais,23,0.45914011282207656
352,colegioecursoprogressao,35,0.45799011532125206
794,master,33,0.4564331825870819
266,colegioarena,32,0.45609504132231404
497,colegiouirapuru,35,0.45454545454545453
108,adrianochan,35,0.453382084095064
123,amadeus,24,0.45330915684496825
14,acessoboqueirao,26,0.45290515893694633
1136,santoamerico,33,0.4525862068965517
934,physicsaugustomontenegro,34,0.45126353790613716
864,overmarciliofurtado,23,0.4509037616023449
595,deltaeducacional,25,0.4508130081300813
1206,stellamarisxaxim,34,0.45076117982873454
67,acessopinhais,25,0.4504895767530006
904,overzonanorte,24,0.4500032486518095
1214,universitariolondrina,26,0.44895935693481703
844,overabelcabral,33,0.448541415288523
1079,provaspoliedro,28,0.4455299539170507
1198,stellamarisxaxim,24,0.4448508545122028
640,elitecuritibaemilianoperneta,23,0.44157630684576793
793,master,32,0.43989100966673056
1032,prismapatrocinio,30,0.4397834912043302
783,mariliamattoso,34,0.4384331635341648
901,overpontanegra,34,0.43773674242424243
48,acessofazendariogrande,27,0.4371957645405731
470,colegiopremium,33,0.43705094709340303
553,crescercampinas,33,0.4369470126255095
594,deltaeducacional,24,0.4361924686192469
69,acessopinhais,27,0.4357718677013486
436,colegiojoaopaulo,33,0.43141883615794047
866,overmarciliofurtado,25,0.430712804975283
958,physicsumarizal,23,0.4300635324015248
920,physicsalcindocacela,27,0.43
441,colegiomagnum,33,0.4294117647058823
919,physicsalcindocacela,25,0.42908726178535606
457,colegioplanck,28,0.4288219818766443
202,ceespacolivre,28,0.42857142857142855
1138,santoamerico,35,0.425
243,cnslpb,26,0.42395437262357416
0,acessoalmirantetamandare,23,0.42394169638703677
142,apogeustoantonio2,26,0.4235294117647059
438,colegiojoaopaulo,35,0.42250530785562634
697,institutocristao,23,0.421474358974359
1124,santamariacn,33,0.42105263157894735
44,acessofazendariogrande,23,0.4204499914123776
929,physicsaugustomontenegro,23,0.42024897171768644
646,elitecuritibaemilianoperneta,30,0.4200792602377807
91,acessosjpinhais,27,0.42004108394068157
1023,prevest,34,0.41935483870967744
249,cnslpb,34,0.41842105263157897
1076,provaspoliedro,25,0.4181230873852431
878,overmossoro,24,0.4173027989821883
526,contemporaneocidadeverde,33,0.4167641325536062
765,maplebearslz,26,0.4142857142857143
655,escolaceciliameireles,23,0.4117647058823529
580,cursosazambuja,23,0.4107142857142857
55,acessohauer,23,0.4093717040831701
364,colegioensitec,28,0.4068522483940043
76,acessosantafelicidade,23,0.406547214673913
1194,stellamarisjuveve,33,0.40608345248927596
1184,stellamarisaguaverde,34,0.4049079754601227
941,physicscidadenova,23,0.4041276941846279
753,macvest,27,0.4032258064516129
431,colegiojoaopaulo,28,0.40116375727348297
1195,stellamarisjuveve,34,0.4002336448598131
1114,santadoroteia,33,0.4
922,physicsalcindocacela,34,0.3971600519214884
496,colegiouirapuru,34,0.3954504094631483
1223,universitariolondrina,35,0.3943808707633883
1134,santoamerico,31,0.39385716047859876
967,pioxi,26,0.3937738940469689
242,cnslpb,25,0.3909136295556665
1082,provaspoliedro,32,0.38727498140342176
755,macvest,33,0.3870967741935484
912,overzonanorte,34,0.38552770914225204
905,overzonanorte,25,0.3851247734560156
892,overpontanegra,23,0.3827303985665165
437,colegiojoaopaulo,34,0.3824152542372881
442,colegiomagnum,34,0.3803921568627451
698,institutocristao,24,0.3795620437956204
1185,stellamarisaguaverde,35,0.37631887456037516
223,ceprimeiromundo,31,0.37563603711463633
917,physicsalcindocacela,23,0.37244873572008985
467,colegiopremium,25,0.3723404255319149
11,acessoboqueirao,23,0.3701612108874807
492,colegiouirapuru,29,0.3695652173913043
900,overpontanegra,33,0.36692708333333335
542,crb,32,0.3656978266561927
275,colegiobatistaindependente,28,0.36220472440944884
377,colegioflamingo,33,0.3610023492560689
830,oficinadoestudante,23,0.35960044395116536
1213,universitariolondrina,25,0.35938477810585695
56,acessohauer,24,0.358733427725576
9,acessoalmirantetamandare,34,0.3587214611872146
731,invictus,35,0.35819430814524045
1075,provaspoliedro,24,0.35733609570891467
1233,universobarcarena,34,0.35714285714285715
582,cursosazambuja,25,0.35710646968925114
921,physicsalcindocacela,33,0.35364431486880465
146,apogeustoantonio2,32,0.3523746410426331
1191,stellamarisjuveve,29,0.35206312987259936
1218,universitariolondrina,30,0.3516843677397942
852,overjoaopessoa,33,0.3468534906588004
1085,provaspoliedro,35,0.34670246409276584
1188,stellamarisjuveve,25,0.34645212126238956
574,cursoisfera,32,0.3451047947171978
853,overjoaopessoa,34,0.3443708609271523
46,acessofazendariogrande,25,0.34381617958492167
741,isem,32,0.34238310708898945
1100,qescola,29,0.3402061855670103
575,cursoisfera,33,0.33999333999333997
583,cursosazambuja,26,0.3394123606889564
617,eccos,33,0.3386861313868613
85,acessosantafelicidade,34,0.33747993579454255
596,deltaeducacional,26,0.33461302211302213
1208,studos,30,0.3333333333333333
949,physicsconselheirofurtado,26,0.3333333333333333
807,navegasas,27,0.3333333333333333
323,colegiodasamericas,23,0.3333333333333333
509,colegioup,28,0.3309246785058175
1239,villalobos,27,0.32857142857142857
747,joaobelem,25,0.328042328042328
339,colegioecursodesafio,24,0.3266437864774204
98,acessosjpinhais,34,0.32663490355798047
1135,santoamerico,32,0.3263146643864899
250,cnslpb,35,0.3237971391417425
24,acessocampolargo,23,0.32276897414512096
99,acessosjpinhais,35,0.3226443532040954
234,ciadosaber,31,0.3225806451612903
247,cnslpb,32,0.3218884120171674
33,acessocampolargo,34,0.3216996576871558
812,nucleocriativo,23,0.3215905495200928
245,cnslpb,30,0.3195455220555473
1047,profederal,33,0.31814659848132654
1083,provaspoliedro,33,0.31741189692542343
757,magister,25,0.3157894736842105
907,overzonanorte,27,0.3148936170212766
74,acessopinhais,34,0.314519427402863
240,cnslpb,23,0.31282271944922546
408,colegioiguatemy,30,0.3118556701030928
412,colegioiguatemy,34,0.3114796579424721
28,acessocampolargo,27,0.31142071064801263
591,cursosazambuja,35,0.30603689211850194
409,colegioiguatemy,31,0.30552803645730137
65,acessopinhais,23,0.3053435114503817
1183,stellamarisaguaverde,33,0.3052016985138004
1154,simbios,23,0.30434782608695654
1232,universobarcarena,31,0.30356525836343645
53,acessofazendariogrande,34,0.3023484887759863
1202,stellamarisxaxim,29,0.3008522727272727
1048,profederal,34,0.2990331491712707
796,master,35,0.29885416666666664
519,conexaosaber,35,0.29633582355033794
235,ciadosaber,32,0.2950034223134839
911,overzonanorte,33,0.29312946383663613
813,nucleocriativo,24,0.29147286821705426
894,overpontanegra,25,0.29134850035424703
410,colegioiguatemy,32,0.2905376649170095
890,overnascimentodecastro,33,0.2898550724637681
906,overzonanorte,26,0.28774953829918215
22,acessoboqueirao,34,0.28684715135363514
1077,provaspoliedro,26,0.2862974098057354
43,acessocampolargokids,34,0.2857142857142857
587,cursosazambuja,30,0.28290468986384265
217,ceprimeiromundo,25,0.2824427480916031
1081,provaspoliedro,31,0.2803206158363589
226,ceprimeiromundo,34,0.2791166586653865
340,colegioecursodesafio,25,0.27906976744186046
517,conexaosaber,33,0.2776831345826235
879,overmossoro,25,0.2768101761252446
427,colegiojoaopaulo,24,0.2745719949540458
867,overmarciliofurtado,26,0.2735115351937782
824,objetivolorena,32,0.2734933333333333
694,implantacao,26,0.2727272727272727
274,colegiobatistaindependente,27,0.2722722722722723
562,cursoenfase,25,0.26956521739130435
1084,provaspoliedro,34,0.2695598821093228
316,colegiocb,31,0.26778846153846153
895,overpontanegra,26,0.26703616854970513
884,overmossoro,33,0.2670219064535228
169,casdvest,24,0.26666666666666666
590,cursosazambuja,34,0.2664413828957629
144,apogeustoantonio2,29,0.26449974606399185
670,escolamaster,26,0.2631578947368421
216,ceprimeiromundo,24,0.2627450980392157
779,mariliamattoso,30,0.26165291177496225
434,colegiojoaopaulo,31,0.26143715341959334
1049,profederal,35,0.26101831354397265
1039,profederal,24,0.2578616352201258
543,crb,33,0.2576271186440678
960,physicsumarizal,25,0.25744793039810177
508,colegioup,27,0.2547766176575041
1169,souhabilis,35,0.2541436464088398
887,overnascimentodecastro,23,0.2535211267605634
865,overmarciliofurtado,24,0.2533821246396097
411,colegioiguatemy,33,0.25326199192715665
815,nucleocriativo,32,0.25
977,plannetaosasco,27,0.25
638,einsteinassis,35,0.25
850,overjoaopessoa,26,0.25
823,objetivolorena,31,0.25
938,physicsbatistacampos,26,0.2495201535508637
885,overmossoro,34,0.24736415247364152
893,overpontanegra,24,0.24735566752567406
588,cursosazambuja,31,0.24697469746974698
1091,psantagema,33,0.24652087475149106
661,escolaceciliameireles,31,0.24615384615384617
1125,santamariacn,34,0.24561403508771928
398,colegioguilhermedealmeida,31,0.2431818181818182
849,overjoaopessoa,25,0.242802824551874
1090,psantagema,32,0.2422062350119904
932,physicsaugustomontenegro,26,0.24079754601226994
439,colegioliceu,33,0.23699626498918813
581,cursosazambuja,24,0.23653566229985443
1199,stellamarisxaxim,25,0.23627744510978044
214,cem,35,0.23529411764705882
1182,stellamarisaguaverde,26,0.2351995713903027
586,cursosazambuja,29,0.23332401714179243
192,ceabb,27,0.22954822954822954
236,ciadosaber,33,0.22866043613707165
407,colegioiguatemy,27,0.22857142857142856
817,nucleocriativo,35,0.22811671087533156
847,overjoaopessoa,23,0.22662889518413598
433,colegiojoaopaulo,30,0.22641509433962265
939,physicsbatistacampos,32,0.22580645161290322
647,elitecuritibaemilianoperneta,31,0.22567287784679088
522,contemporaneocidadeverde,23,0.22535211267605634
611,eacorcovado,35,0.225
376,colegioflamingo,32,0.2238562091503268
858,overlimaesilva,26,0.22346368715083798
825,objetivolorena,33,0.22271523652758893
237,ciadosaber,34,0.22254169062679702
877,overmossoro,23,0.22246696035242292
426,colegiojoaopaulo,23,0.22199588477366256
1231,universobarcarena,30,0.22104404567699837
1203,stellamarisxaxim,31,0.21951219512195122
563,cursoenfase,33,0.21740226986128625
225,ceprimeiromundo,33,0.21652246900826447
848,overjoaopessoa,24,0.2151046405823476
1045,profederal,31,0.21428571428571427
384,colegiofuturageracao,31,0.2133492252681764
803,montessori,34,0.21311475409836064
523,contemporaneocidadeverde,28,0.21052631578947367
1163,souhabilis,29,0.20994475138121546
589,cursosazambuja,33,0.2094580456162377
924,physicsalmirantebarroso,24,0.20600272851296045
631,educarse,32,0.20554315476190477
181,cats,34,0.20454545454545456
816,nucleocriativo,34,0.2015888778550149
1040,profederal,25,0.20125786163522014
576,cursoisfera,34,0.20116618075801748
170,casdvest,25,0.2
1133,santoamerico,30,0.1996904024767802
130,amadeus,35,0.19828550130450986
1038,profederal,23,0.19768381362779425
221,ceprimeiromundo,29,0.19696969696969696
931,physicsaugustomontenegro,25,0.19584050936798705
218,ceprimeiromundo,26,0.19527235354573483
1159,souhabilis,23,0.19463087248322147
432,colegiojoaopaulo,29,0.19230769230769232
104,adrianochan,31,0.19036164915390133
528,contemporaneolagoanova,23,0.1895734597156398
955,physicsmacapa,25,0.18915257404466038
615,eccos,31,0.18867924528301888
609,eacorcovado,32,0.18867924528301888
1130,santoamerico,26,0.18848437903434032
795,master,34,0.18808411214953272
533,contemporaneolagoanova,34,0.18710438128335607
1230,universobarcarena,29,0.1865671641791045
544,crb,34,0.1853565596080566
126,amadeus,31,0.18435647756138865
880,overmossoro,26,0.1836734693877551
1104,qescola,33,0.18181818181818182
1229,universobarcarena,28,0.18137254901960784
224,ceprimeiromundo,32,0.17943022158049649
577,cursoleopoldo,32,0.17829457364341086
660,escolaceciliameireles,30,0.17647058823529413
891,overnascimentodecastro,34,0.17391304347826086
808,novotempo,23,0.17307692307692307
564,cursoenfase,34,0.17142857142857143
1044,profederal,30,0.170316301703163
125,amadeus,30,0.16861370716510904
119,aescobjetivo,34,0.1671495245172117
194,ceabb,35,0.1669447092469018
578,cursoleopoldo,34,0.16666666666666666
383,colegiofuturageracao,26,0.16666666666666666
1113,santadoroteia,23,0.16666666666666666
1189,stellamarisjuveve,26,0.16528687639478798
265,colegioarena,31,0.16377526174823473
191,ceabb,26,0.1625
1160,souhabilis,24,0.1610738255033557
959,physicsumarizal,24,0.1605351170568562
1161,souhabilis,25,0.1589310829817159
961,physicsumarizal,26,0.1580188679245283
327,colegiodasamericas,27,0.15789473684210525
222,ceprimeiromundo,30,0.15747241725175526
1162,souhabilis,26,0.1558011049723757
500,colegiouniverso,25,0.15462236265416368
463,colegioplanck,34,0.15418353576248314
413,colegioiguatemy,35,0.15309882747068676
1200,stellamarisxaxim,26,0.1528947523411273
406,colegioiguatemy,26,0.15085638998682477
105,adrianochan,32,0.1497212006169178
518,conexaosaber,34,0.14945652173913043
948,physicsconselheirofurtado,25,0.14827391943914117
662,escolaceciliameireles,32,0.14781746031746032
802,montessori,33,0.14754098360655737
1165,souhabilis,31,0.14741035856573706
155,brasilcursinhos,25,0.14685314685314685
244,cnslpb,28,0.14634146341463414
1181,stellamarisaguaverde,25,0.1452249408050513
111,aescobjetivo,25,0.14514855861829434
1192,stellamarisjuveve,31,0.14423076923076922
944,physicscidadenova,26,0.14385964912280702
746,jazzvestibular,35,0.14285714285714285
1140,santoantonio,27,0.14285714285714285
1151,seletivoeducallis,28,0.14285714285714285
1150,seletivoeducallis,26,0.14285714285714285
679,faculdadeflamingo,34,0.14214046822742474
1042,profederal,27,0.14150943396226415
141,apogeustoantonio2,25,0.1407766990291262
527,contemporaneocidadeverde,34,0.1394422310756972
831,oficinadoestudante,24,0.13809732573432704
925,physicsalmirantebarroso,25,0.1377755511022044
193,ceabb,31,0.13636363636363635
1164,souhabilis,30,0.13545816733067728
545,crb,35,0.13544018058690746
1046,profederal,32,0.13486536675951719
405,colegioiguatemy,25,0.13186029935851745
926,physicsalmirantebarroso,26,0.13043478260869565
663,escolaceciliameireles,33,0.13043478260869565
664,escolaceciliameireles,35,0.125
632,educarse,33,0.125
100,adrianochan,23,0.12398042414355628
789,master,27,0.1207577683410539
1166,souhabilis,32,0.12
560,cursoenfase,23,0.11976047904191617
777,mariliamattoso,28,0.11951384199864956
101,adrianochan,24,0.11941950559586767
656,escolaceciliameireles,24,0.11764705882352941
479,colegiosete,24,0.11683587140439933
889,overnascimentodecastro,27,0.11677018633540373
637,einsteinassis,32,0.11627906976744186
34,acessocampolargo,35,0.11513560804899388
801,montessori,23,0.11475409836065574
1167,souhabilis,33,0.11049723756906077
1106,qescola,35,0.10982658959537572
602,domus,23,0.10784313725490197
16,acessoboqueirao,28,0.1076923076923077
541,crb,31,0.10295631188558044
676,faculdadeflamingo,31,0.10025062656641603
671,escolamaster,31,0.1
970,pioxiicolegio,23,0.0994258872651357
1014,porto,28,0.0962962962962963
10,acessoalmirantetamandare,35,0.09612756264236902
699,institutocristao,25,0.09492419248516809
1041,profederal,26,0.09433962264150944
107,adrianochan,34,0.09377759463118855
814,nucleocriativo,25,0.09260908281389137
700,institutocristao,26,0.09235294117647058
171,casdvest,26,0.09118012422360249
1168,souhabilis,34,0.09034267912772585
106,adrianochan,33,0.0875909090909091
799,moaciralves,33,0.08542713567839195
727,invictus,28,0.0852510460251046
827,objetivolorena,35,0.08440111420612813
610,eacorcovado,33,0.08421052631578947
75,acessopinhais,35,0.078951379362902
182,cbpdigital,23,0.0777988614800759
233,ciadosaber,30,0.07627118644067797
826,objetivolorena,34,0.0762081784386617
92,acessosjpinhais,28,0.07557117750439367
1227,universobarcarena,26,0.07529826667667142
516,conexaosaber,26,0.07407407407407407
54,acessofazendariogrande,35,0.07265079820284867
1105,qescola,34,0.07163323782234957
800,moaciralves,34,0.07142857142857142
1061,progressaodc,35,0.06896551724137931
86,acessosantafelicidade,35,0.0688130081300813
565,cursoisfera,23,0.06494900697799248
838,overabelcabral,27,0.0639386189258312
402,colegioguilhermedealmeida,35,0.06039076376554174
1216,universitariolondrina,28,0.06018518518518518
567,cursoisfera,25,0.05970695970695971
1228,universobarcarena,27,0.058823529411764705
778,mariliamattoso,29,0.05783385909568875
1078,provaspoliedro,27,0.0563264765092331
1217,universitariolondrina,29,0.05313214449016918
1073,progressaoig,35,0.05263157894736842
702,institutocristao,34,0.05263157894736842
120,aescobjetivo,35,0.050239712345185775
732,iracemarufino,31,0.05
185,cbpdigital,26,0.043689320388349516
176,casdvest,31,0.04328358208955224
227,ceprimeiromundo,35,0.04244865874029675
682,francobrasileiro,30,0.041666666666666664
174,casdvest,29,0.04
397,colegioglobal,35,0.04
172,casdvest,27,0.03880597014925373
371,colegioensitec,35,0.038461538461538464
549,crescercampinas,26,0.0375
678,faculdadeflamingo,33,0.03690036900369004
112,aescobjetivo,26,0.03541041041041041
788,master,26,0.034102367848768696
677,faculdadeflamingo,32,0.03333333333333333
124,amadeus,29,0.02895076525908169
821,objetivolorena,25,0.027757487216946677
566,cursoisfera,24,0.027153871940998994
23,acessoboqueirao,35,0.026803142109021662
501,colegiouniverso,26,0.02631578947368421
689,gerabixo,24,0.026200873362445413
822,objetivolorena,26,0.025817555938037865
177,casdvest,32,0.025373134328358207
750,litteratus,33,0.024390243902439025
1095,qescola,24,0.024229074889867842
1210,testevictorhugo,35,0.023809523809523808
658,escolaceciliameireles,27,0.022641509433962263
175,casdvest,30,0.022388059701492536
178,casdvest,33,0.022388059701492536
690,gerabixo,33,0.021834061135371178
1101,qescola,30,0.018354299855640337
480,colegiosete,25,0.01694915254237288
657,escolaceciliameireles,26,0.016222479721900347
681,francobrasileiro,28,0.015873015873015872
639,elitecuritiba,23,0.011627906976744186
1098,qescola,27,0.011578947368421053
868,overmarciliofurtado,27,0.010752688172043012
1131,santoamerico,27,0.00942697068193993
1099,qescola,28,0.008815426997245178
1096,qescola,25,0.006024096385542169
1103,qescola,32,0.004311774461028192
162,camerinocursos,29,0.004210526315789474
569,cursoisfera,27,0.002188183807439825
573,cursoisfera,31,0.0008602150537634409
1097,qescola,26,0.000741962077493817
568,cursoisfera,26,0.00020048115477145148
832,oficinadoestudante,26,0.0
572,cursoisfera,30,0.0
916,pesenglish,34,0.0
571,cursoisfera,29,0.0
570,cursoisfera,28,0.0
833,osequim,34,0.0
828,objetivoteresina,24,0.0
829,objetivoteresina,28,0.0
534,cparaiso,32,0.0
914,pauloviana,31,0.0
559,cursobase,34,0.0
558,cursobase,25,0.0
535,cparaiso,34,0.0
556,cursinhoeach,25,0.0
520,contemporaneo,31,0.0
888,overnascimentodecastro,25,0.0
818,nucleopva,28,0.0
133,amais,33,0.0
132,amais,24,0.0
540,crb,29,0.0
131,amais,23,0.0
121,alfacembilingue,25,0.0
521,contemporaneo,33,0.0
557,cursobase,24,0.0
228,charlesdarwin,24,0.0
579,cursoprogressao,32,0.0
653,equipe,34,0.0
745,jardimsaopaulo,24,0.0
744,jardimsaopaulo,23,0.0
665,escoladeimpacto,28,0.0
666,escolajardimdasnacoes,24,0.0
673,esperanza,34,0.0
674,estantemagica,27,0.0
675,faculdadeflamingo,30,0.0
680,faculdadeflamingo,35,0.0
683,fundacaobradesco,29,0.0
684,galois,28,0.0
685,garra,23,0.0
686,garra,24,0.0
687,garra,30,0.0
688,garra,31,0.0
1246,vitae,28,0.0
654,escola,34,0.0
652,eluneonline,27,0.0
809,novotempo,24,0.0
60,acessohauer,29,0.0
806,murilorocha,35,0.0
805,murilorocha,32,0.0
804,murilorocha,31,0.0
797,meta,30,0.0
592,dante,33,0.0
597,deltaeducacional,32,0.0
598,deltaeducacional,33,0.0
476,colegioser,26,0.0
599,deltaeducacional,34,0.0
600,deltaeducacional,35,0.0
620,educamais,24,0.0
621,educamais,33,0.0
633,eduqo,32,0.0
758,magister,29,0.0
651,eluneonline,26,0.0
477,colegioser,34,0.0
1155,simbios,33,0.0
475,colegiosantamaria,34,0.0
990,poliedropv,28,0.0
333,colegiodompedrosegundo,28,0.0
996,poliedrotreinamento,34,0.0
995,poliedropv,34,0.0
994,poliedropv,32,0.0
993,poliedropv,31,0.0
992,poliedropv,30,0.0
991,poliedropv,29,0.0
173,casdvest,28,0.0
989,poliedropv,26,0.0
160,brasilcursinhos,34,0.0
988,poliedropv,25,0.0
987,poliedropv,24,0.0
1109,saea,33,0.0
1110,saea,35,0.0
986,poliedropv,23,0.0
985,poliedro,35,0.0
984,poliedro,33,0.0
983,poliedro,32,0.0
322,colegiocognos,33,0.0
321,colegiocognos,23,0.0
303,colegiobrasilia,27,0.0
289,colegiobianguloiv,34,0.0
1043,profederal,29,0.0
238,cmdpii,33,0.0
239,cmdpii,34,0.0
196,cecbdf,34,0.0
195,cecbdf,33,0.0
251,cognitivo,32,0.0
1025,primeirodemaio,32,0.0
1024,primeirodemaio,31,0.0
258,colegioanchietai,33,0.0
259,colegioanchietai,34,0.0
187,cbpdigital,32,0.0
1020,portoseguro,34,0.0
260,colegioanchietaii,33,0.0
261,colegioanchietaii,34,0.0
264,colegioarena,25,0.0
186,cbpdigital,31,0.0
288,colegiobianguloiv,33,0.0
161,brasilcursinhos,35,0.0
159,brasilcursinhos,30,0.0
474,colegiosantamaria,33,0.0
453,colegionovopatio,25,0.0
1142,sas,31,0.0
1143,sas,32,0.0
1144,sas,33,0.0
137,amaisteste,35,0.0
1146,sasadaptem,23,0.0
1147,sasadaptem,25,0.0
1148,saseducacao,23,0.0
1149,seletivoeducallis,23,0.0
471,colegioprogresso,28,0.0
158,brasilcursinhos,29,0.0
136,amaisteste,33,0.0
1153,serios,24,0.0
472,colegioradar,33,0.0
229,charlesdarwin,27,0.0
1156,simbios,34,0.0
134,amais,34,0.0
1158,sobral,29,0.0
473,colegioriobranco,27,0.0
1141,sas,30,0.0
452,colegionovopatio,23,0.0
1139,santoantonio,23,0.0
138,anchietaba,30,0.0
982,poliedro,29,0.0
154,bertelsmann,31,0.0
153,bertelsmann,28,0.0
152,beityaacov,33,0.0
981,poliedro,27,0.0
980,poliedro,25,0.0
1126,santoagostinho,24,0.0
151,beityaacov,32,0.0
149,arlindocavalcanti,25,0.0
979,poliedro,24,0.0
701,institutocristao,32,0.0
443,colegiomartinus,23,0.0
444,colegiomodelo,29,0.0
445,colegiomodelo,30,0.0
446,colegiomodelo,35,0.0
449,colegionobre,30,0.0
450,colegionobre,34,0.0
1247,wilsondeandradebarreto,35,0.0
